Name,Link,"Nazwa "
Kia Ceed 1.4,https://www.otomoto.pl/oferta/kia-ceed-cesja-leasingu-kia-ceed-salon-polska-minimalny-przebieg-ID6EpbAE.html,otomoto
Kia Ceed,https://www.otomoto.pl/oferta/kia-ceed-1-6-gdi-135km-navi-czujniki-bt-multifunkcja-podgrz-fotele-alu-ID6EpHvG.html,otomoto
Kia Ceed,https://www.otomoto.pl/oferta/kia-ceed-1-4-cvvt-salon-polska-serwis-aso-klima-tempomat-ID6Ep6E8.html,otomoto
PEUGEOT 208 Hatchback,"https://carsmile.pl/oferta/peugeot/208/hatchback-leasing-wynajem-dlugoterminowy?code=146815-5&finance_type=rent&contract_period=36&utm_source=otomoto&utm_medium=native&utm_campaign=listing&utm_content=ad_block&utm_campaign_id=1&utm_term=peugeot-208-hatchback,,,,,2020,,,,,,,,,,,,&utm_campaign_id=1-4",otomoto
Kia Ceed Cee'd,https://www.otomoto.pl/oferta/kia-ceed-1-4-mpi-100-km-6mt-salonpl-serwisaso-gwarancja-fv23-ID6EmeyZ.html,otomoto
Kia Ceed 1.4,https://www.otomoto.pl/oferta/kia-ceed-1-4-100-km-kup-w-salonie-tylko-39-tys-km-serwisowany-bezwypadkowy-ID6EpTA0.html,otomoto
Kia Ceed,https://www.otomoto.pl/oferta/kia-ceed-m-2019r-salon-polskafv23-kamera-cofanialift-ID6E9lTW.html,otomoto
Kia Ceed,https://www.otomoto.pl/oferta/kia-ceed-1-4-140km-gwarancja-fabryczna-autoandroid-kamera-asyst-pasaruchu-fv23-ID6EoKnq.html,otomoto
Kia Ceed,https://www.otomoto.pl/oferta/kia-ceed-1-4-cvvt-salon-polska-serwis-aso-navi-klimatronic-tempomat-ID6EoGII.html,otomoto
NISSAN Qashqai Crossover,"https://carsmile.pl/oferta/nissan/qashqai/crossover-leasing-wynajem-dlugoterminowy?code=150065-6&finance_type=rent&contract_period=36&utm_source=otomoto&utm_medium=native&utm_campaign=listing&utm_content=ad_block&utm_campaign_id=2&utm_term=nissan-qashqai-crossover,,,,,2020,,,,,,,,,,,,&utm_campaign_id=1-10",otomoto
Kia Ceed,https://www.otomoto.pl/oferta/kia-ceed-gwarancja-12-miesiecy-darmowa-dostawa-raport-techniczny-online-ID6EpCAP.html,otomoto
Kia Ceed 1.4,https://www.otomoto.pl/oferta/kia-ceed-1-4t-gdi-140km-7dct-l-pakiet-serwisowy-opony-zima-gwarancja-ID6E9D9n.html,otomoto
Kia Ceed,https://www.otomoto.pl/oferta/kia-ceed-1-4-cvvt-salon-polska-serwis-aso-klima-tempomat-ID6EnjFQ.html,otomoto
Kia Ceed,https://www.otomoto.pl/oferta/kia-ceed-1-4-t-gdi-salon-polska-1-wlasciciel-serwis-aso-automat-skora-ID6Enhif.html,otomoto
Kia Ceed,https://www.otomoto.pl/oferta/kia-ceed-1-4-t-gdi-salon-polska-1-wlasciciel-serwis-aso-vat-23-ID6EngA3.html,otomoto
KIA Ceed Kombi,"https://carsmile.pl/oferta/kia/ceed-2/kombi-leasing-wynajem-dlugoterminowy?code=148632-1&finance_type=rent&contract_period=36&utm_source=otomoto&utm_medium=native&utm_campaign=listing&utm_content=ad_block&utm_campaign_id=3&utm_term=kia-ceed-kombi,,,,,2020,,,,,,,,,,,,&utm_campaign_id=1-16",otomoto
Kia Ceed 1.4,https://www.otomoto.pl/oferta/kia-ceed-kia-ceed-2019-pierwszy-wlasciciel-ID6EnYje.html,otomoto
Kia Ceed 1.4,https://www.otomoto.pl/oferta/kia-ceed-1-4-mpi-100km-tempomat-isofix-kontrola-cisnienia-carplay-ID6Eoeok.html,otomoto
Kia Ceed 1.0,https://www.otomoto.pl/oferta/kia-ceed-1-0-t-gdi-100km-wersja-s-i-wl-salon-pl-bezwypadkowy-f-vat-23-ID6El2XP.html,otomoto
Kia Ceed,https://www.otomoto.pl/oferta/kia-ceed-1-4-100km-l-salon-pl-1-wlasciciel-aso-bezwypadkowy-fvat-23-gwar-ID6Eej88.html,otomoto
Kia Ceed Cee'd,https://www.otomoto.pl/oferta/kia-ceed-bezwypadkowa-gotowa-do-rejestracji-serwis-ID6Eg9bn.html,otomoto
Kia Ceed 1.4,https://www.otomoto.pl/oferta/kia-ceed-kia-ceed-iii-1-4-mpi-26-tys-km-2019r-sprowadzony-ID6EjBdv.html,otomoto
Kia Ceed,https://www.otomoto.pl/oferta/kia-ceed-1-4-t-gdi-140km-dct-automat-kamera-kl-elektroniczna-salonpl-aso-ID6EobOO.html,otomoto
Kia Ceed,https://www.otomoto.pl/oferta/kia-ceed-1-4-t-gdi-140km-wersja-m-kombi-2020r-ID6EpaSJ.html,otomoto
Kia Ceed,https://www.otomoto.pl/oferta/kia-ceed-1-4-benzyna-100km-wersja-m-faktura-23-salon-pl-ID6En5A2.html,otomoto
Kia Ceed 1.4,https://www.otomoto.pl/oferta/kia-ceed-1-4-benzyna-100km-salon-pl-serwis-iwl-fv23-ID6Eo9AE.html,otomoto
Kia Ceed 1.4,https://www.otomoto.pl/oferta/kia-ceed-1-4-dohc-100km-salon-pl-1-wl-aso-fv-23-ID6En4Tq.html,otomoto
Kia Ceed Cee'd,https://www.otomoto.pl/oferta/kia-ceed-1-4dohc-100km-wersja-m-salon-pl-fv-23-gwarancja-ID6En4Om.html,otomoto
Kia Ceed,https://www.otomoto.pl/oferta/kia-ceed-1-4-benzyna-100km-wersja-m-faktura-23-salon-pl-ID6En4HE.html,otomoto
Kia Ceed Cee'd,https://www.otomoto.pl/oferta/kia-ceed-salon-rp-i-wlasciciel-serwisowany-wersja-l-od-reki-ID6E3XEu.html,otomoto
Kia Ceed 1.4,https://www.otomoto.pl/oferta/kia-ceed-1-4t-gdi-140km-6mt-l-bl1-cp1-fv23-ID6Ef2S5.html,otomoto
Kia Ceed 1.4,https://www.otomoto.pl/oferta/kia-ceed-zdalny-zakup-1-4-turbo-m-salon-pl-ID6E0cUJ.html,otomoto
Kia Ceed,https://www.otomoto.pl/oferta/kia-ceed-1-4-t-gdi-salon-polska-automat-klimatronic-tempomat-parktronic-ID6Eo5To.html,otomoto
Kia Ceed,https://www.otomoto.pl/oferta/kia-ceed-1-0-t-gdi-salon-polska-1-wlasciciel-serwis-aso-vat-23-ID6Eo5Tp.html,otomoto
Kia Ceed,https://www.otomoto.pl/oferta/kia-ceed-1-0-t-gdi-salon-polska-1-wlasciciel-vat-23-klimatronic-ID6EmgcU.html,otomoto
PEUGEOT 308 Kombi,"https://carsmile.pl/oferta/peugeot/308/kombi-leasing-wynajem-dlugoterminowy?code=152368-1&finance_type=rent&contract_period=36&utm_source=otomoto&utm_medium=native&utm_campaign=listing&utm_content=ad_block&utm_campaign_id=4&utm_term=peugeot-308-kombi,,,,,2020,,,,,,,,,,,,&utm_campaign_id=1-undefined",otomoto
Kia Ceed 1.6,https://www.otomoto.pl/oferta/kia-ceed-1-6-gdi-sw-phev-l-bl5-hybryda-plug-in-demo-dealera-ID6DOWhS.html,otomoto
Kia Ceed 1.0,https://www.otomoto.pl/oferta/kia-ceed-maly-przebieg-okazja-ID6EmYkm.html,otomoto
Kia Ceed 1.4,https://www.otomoto.pl/oferta/kia-ceed-140km-automat-klimatyzacja-elektroniczna-kamera-salonpl-fv23-ID6Ep53s.html,otomoto
Kia Ceed 1.4,https://www.otomoto.pl/oferta/kia-ceed-1-4-mpi-100km-tempomat-isofix-kontrola-cisnienia-carplay-klima-2-stef-ID6Ep4FS.html,otomoto
Kia Ceed Cee'd,https://www.otomoto.pl/oferta/kia-ceed-ceed-1-4-s-1wl-salon-pl-gwarancja-35-tys-km-ID6Ep4L5.html,otomoto
Kia Ceed Cee'd,https://www.otomoto.pl/oferta/kia-ceed-1-4dohc-100km-wersja-m-salon-pl-fv-23-gwarancja-ID6EmWy9.html,otomoto
Kia Ceed 1.4,https://www.otomoto.pl/oferta/kia-ceed-sw-1-4-t-gdi-140km-7dct-msalon-pl-serwis-aso-vat23-bezwypadkowy-ID6Eq0II.html,otomoto
Kia Ceed 1.4,https://www.otomoto.pl/oferta/kia-ceed-1-4-t-gdi-140km-wersja-m-i-wl-salon-pl-bezwypadkowy-fv-vat-23-ID6EhhhO.html,otomoto
Kia Ceed 1.4,https://www.otomoto.pl/oferta/kia-ceed-1-4-dohc-100km-salon-pl-1-wl-aso-fv-23-ID6Eo1Y3.html,otomoto
Kia Ceed Cee'd,https://www.otomoto.pl/oferta/kia-ceed-1-4-mkameratempomatsalonpliwlfv23-ID6EhEBC.html,otomoto
Kia Ceed,https://www.otomoto.pl/oferta/kia-ceed-c-j-1586-ID6Eq0pY.html,otomoto
Kia Ceed,https://www.otomoto.pl/oferta/kia-ceed-polski-salon-pierwszy-wlasciciel-serwisowany-w-aso-ID6EmUnt.html,otomoto
Kia Ceed,https://www.otomoto.pl/oferta/kia-ceed-ceed-1-4-100km-bezwypadkowy-salonpl-aso-fv23-i-rej-2020r-ID6Eo0dd.html,otomoto
Kia Ceed 1.4,https://www.otomoto.pl/oferta/kia-ceed-kombi-salon-pl-gwar-do-12-2026r-klima-automat-ID6EmSPo.html,otomoto
Kia Ceed Cee'd,https://www.otomoto.pl/oferta/kia-ceed-1-4dohc-100km-wersja-m-salon-pl-fv-23-gwarancja-ID6EmRxz.html,otomoto
Kia Ceed,https://www.otomoto.pl/oferta/kia-ceed-1-4-m-classic-auto-krajowe-na-gwarancji-dealer-kia-etrans-ID6Ep2kX.html,otomoto
Kia Ceed 1.4,https://www.otomoto.pl/oferta/kia-ceed-wersja-m-salon-pl-i-wlasciciel-automat-140-km-serwisowany-ID6EjmSY.html,otomoto
Kia Ceed SW,https://www.otomoto.pl/oferta/kia-ceed-kia-ceed-sw-1-4t-gdi-7dct-m-pakiet-smart-ID6EpX1d.html,otomoto
Kia Ceed 1.4,https://www.otomoto.pl/oferta/kia-ceed-1-4-mpi-100-km-6mt-salonpl-serwisaso-gwarancja2026-fv23-ID6EpVXN.html,otomoto
Kia Ceed,https://www.otomoto.pl/oferta/kia-ceed-dealer-hyundai-k-a-r-l-i-k-fv23-apple-car-play-ID6EpVOf.html,otomoto
Kia Ceed 1.4,https://www.otomoto.pl/oferta/kia-ceed-1-4-m-100-km-salon-pl-fv23-ID6EnY0o.html,otomoto
Kia Ceed 1.4,https://www.otomoto.pl/oferta/kia-ceed-salon-polska-i-wlasciciel-aso-bezwypadkowa-ID6EpVl5.html,otomoto
Kia Ceed 1.4,https://www.otomoto.pl/oferta/kia-ceed-1-4-m-100-km-salon-pl-fv23-ID6EnXU6.html,otomoto
Kia Ceed 1.4,https://www.otomoto.pl/oferta/kia-ceed-1-4-t-gdi-m-140km-salon-pl-aso-fv23-1wl-ID6EnXOj.html,otomoto
Kia Ceed,https://www.otomoto.pl/oferta/kia-ceed-kia-ceed-plug-in-2020r-niski-przebieg-ksiazka-serwis-ID6EpV6C.html,otomoto
Kia Ceed 1.4,https://www.otomoto.pl/oferta/kia-ceed-kia-ceed-ID6E6oa8.html,otomoto
Kia Ceed,https://www.otomoto.pl/oferta/kia-ceed-1-4-benzyna-100km-wersja-m-faktura-23-salon-pl-ID6EnVAs.html,otomoto
Kia Ceed 1.4,https://www.otomoto.pl/oferta/kia-ceed-1-4-tgdi-l-bl3-140km-serwisowany-gwarancja-do-06-2027-vat-23-ID6E5f7c.html,otomoto
Kia Ceed,https://www.otomoto.pl/oferta/kia-ceed-1-4-100km-bezwypadkowy-salonpl-aso-fv23-i-rej-2020-ID6Ep07o.html,otomoto
Kia Ceed 1.4,https://www.otomoto.pl/oferta/kia-ceed-zakup-zdalny-1-4-t-benz-at-140km-pl-salon-aso-wersja-m-ID6EmbT9.html,otomoto
Kia Ceed 1.0,https://www.otomoto.pl/oferta/kia-ceed-zakup-zdalny-1-0-t-benz-100km-pl-salon-aso-wersja-m-ID6E6VfL.html,otomoto
Kia Ceed,https://www.otomoto.pl/oferta/kia-ceed-cj-1304-ID6DUYmB.html,otomoto
Kia Ceed 1.0,https://www.otomoto.pl/oferta/kia-ceed-1-0t-gdi-120km-2020r-salon-polska-fa-vat-23-ID6Eegg2.html,otomoto
Kia Ceed 1.4,https://www.otomoto.pl/oferta/kia-ceed-ID6EmuCH.html,otomoto
Kia Ceed 1.4,https://www.otomoto.pl/oferta/kia-ceed-unikat-30-tys-przebiegu-navi-kamera-gwarancja-salon-pl-i-wlasciciel-ID6EmKK4.html,otomoto
Kia Ceed,https://www.otomoto.pl/oferta/kia-ceed-kiaceed-120-km-1-0-t-gdi-6mt-wersja-m-ID6DZqK4.html,otomoto
Kia Ceed,https://www.otomoto.pl/oferta/kia-ceed-140km-automat-kamera-salonpl-aso-fv23-i-rej-2020-ID6EoWqU.html,otomoto
Kia Ceed,https://www.otomoto.pl/oferta/kia-ceed-1-4-t-gdi-l-salon-polska-1-wlasciciel-serwis-aso-automat-ID6EmarA.html,otomoto
Kia Ceed 1.4,https://www.otomoto.pl/oferta/kia-ceed-kia-ceed-1-4-m-full-led-android-auto-navi-salon-pl-ID6EpToi.html,otomoto
Kia Ceed 1.4,https://www.otomoto.pl/oferta/kia-ceed-1-wl-aso-led-tempomat-kamera-asystent-pasa-czujniki-jak-nowy-ID6EpSJd.html,otomoto
Kia Ceed,https://www.otomoto.pl/oferta/kia-ceed-1-4-s-salon-pl-aso-fv23-ID6EfCk7.html,otomoto
Kia Ceed 1.4,https://www.otomoto.pl/oferta/kia-ceed-100km-polski-salon-fv-vat23-gwarancja-ID6EhfFK.html,otomoto
Kia Ceed,https://www.otomoto.pl/oferta/kia-ceed-ID6Ekf71.html,otomoto
Kia Ceed,https://www.otomoto.pl/oferta/kia-ceed-1-4-benzyna-140km-wersja-m-faktura-23-salon-pl-ID6EmEwM.html,otomoto
Kia Ceed,https://www.otomoto.pl/oferta/kia-ceed-1-6-gdi-l-business-line-dct-salon-pl-fv23-aso-ID6EjjGw.html,otomoto
Kia Ceed,https://www.otomoto.pl/oferta/kia-ceed-1-0-t-gdi-m-salon-polska-1-wlasciciel-serwis-aso-vat-23-ID6Em97A.html,otomoto
Kia Ceed 1.4,https://www.otomoto.pl/oferta/kia-ceed-1-4-benzyna-100km-m-fv23-autoryzowany-salon-marki-nissan-ID6EnIG3.html,otomoto
Kia Ceed,https://www.otomoto.pl/oferta/kia-ceed-1-4-benzyna-100km-wersja-m-limited-faktura-23-salon-pl-ID6EmDWc.html,otomoto
Kia Ceed,https://www.otomoto.pl/oferta/kia-ceed-1-0-t-gdi-salon-polska-1-wlasciciel-serwis-aso-vat-23-ID6Em95f.html,otomoto
Kia Ceed,https://www.otomoto.pl/oferta/kia-ceed-1-4-benzyna-100km-wersja-m-limited-faktura-23-salon-pl-ID6EmDLJ.html,otomoto
Kia Ceed Cee'd,https://www.otomoto.pl/oferta/kia-ceed-kia-ceed-1-4-mpi-100km-s-ID6Eheic.html,otomoto
Kia Ceed,https://www.otomoto.pl/oferta/kia-ceed-plug-in-hybryda-demo-promocja-ID6DgAgQ.html,otomoto
Kia Ceed,https://www.otomoto.pl/oferta/kia-ceed-raty-uproszczone-1-4-benz-serwis-navi-kamera-zarejestr-gwarancja-ID6EmD8i.html,otomoto
Kia Ceed 1.4,https://www.otomoto.pl/oferta/kia-ceed-kia-ceed-1-4benzyna-100km-salon-pl-przeb-33500km-fv23-ID6EiMlH.html,otomoto
Kia Ceed 1.6,https://www.otomoto.pl/oferta/kia-ceed-i-wlasciciel-salon-pl-serwis-aso-business-line-aeb-7-dct-demo-ID6Ehw3k.html,otomoto
Kia Ceed 1.4,https://www.otomoto.pl/oferta/kia-ceed-salon-polska-i-wlasciciel-bezwypadkowy-serwis-aso-gwarancja-vat23-ID6E89VS.html,otomoto
Kia Ceed 1.4,https://www.otomoto.pl/oferta/kia-ceed-kia-ceed-kombi-wersja-l-business-line-plus-jbl-pakiet-winter-ID6Eo4Lv.html,otomoto
Kia Ceed 1.0,https://www.otomoto.pl/oferta/kia-ceed-biala-perla-panorama-keyless-go-kamera-skora-jak-nowy-ID6EmA8d.html,otomoto
Kia Ceed,https://www.otomoto.pl/oferta/kia-ceed-1-4-cvvt-salon-polska-1-wlasciciel-serwis-aso-vat-23-skora-ID6Emzx7.html,otomoto
Kia Ceed 1.0,https://www.otomoto.pl/oferta/kia-ceed-salon-polska-bezwypadkowy-w-bogatej-wersji-wyposazenia-goraco-polecam-ID6EmztD.html,otomoto
Kia Ceed 1.0,https://www.otomoto.pl/oferta/kia-ceed-kia-ceed-1-0-t-gdi-100km-wersja-s-i-wl-salon-pl-fv-vat-23-ID6Ej7ol.html,otomoto
Kia Ceed 1.4,https://www.otomoto.pl/oferta/kia-ceed-polski-salon-bezwypadkowy-gwarancja-do-2025roku-nowa-cena-ID6EbjlN.html,otomoto
Kia Ceed 1.4,https://www.otomoto.pl/oferta/kia-ceed-combi-1-4-100-km-ID6E93ax.html,otomoto
Kia Ceed 1.4,https://www.otomoto.pl/oferta/kia-ceed-1-4-dohc-100km-salon-pl-1-wl-aso-fv-23-ID6EmymT.html,otomoto
Kia Ceed 1.4,https://www.otomoto.pl/oferta/kia-ceed-ID6E9uKL.html,otomoto
Kia Ceed,https://www.otomoto.pl/oferta/kia-ceed-1-0-t-gdi-s-ID6E1ZvC.html,otomoto
Kia Ceed 1.0,https://www.otomoto.pl/oferta/kia-ceed-nawi-kamera-ledy-chromy-serwis-ID6EaY1G.html,otomoto
Kia Ceed 1.6,https://www.otomoto.pl/oferta/kia-ceed-1-6-hybryda-phev-7dct-samochod-demonstracyjny-serwis-aso-gwarancja-ID6DYnNY.html,otomoto
Kia Ceed 1.4,https://www.otomoto.pl/oferta/kia-ceed-1-4-t-gdi-m-gwarancja-do-2026-krajowa-bezwypadkowa-fv23-ID6EfJ1C.html,otomoto
Kia Ceed 1.0,https://www.otomoto.pl/oferta/kia-ceed-m-1-0-tgdi-benz-salon-pl-ID6E8AHY.html,otomoto
Kia Ceed,https://www.otomoto.pl/oferta/kia-ceed-1-4-benzyna-100km-wersja-m-limited-faktura-23-salon-pl-ID6EnrDG.html,otomoto
Kia Ceed Cee'd,https://www.otomoto.pl/oferta/kia-ceed-salon-pl-i-wl-serwis-aso-gwar-kia-kamera-bezwypadkowy-ID6Ek9Y8.html,otomoto
Kia Ceed,https://www.otomoto.pl/oferta/kia-ceed-1-4-salon-pl-ID6Elr5D.html,otomoto
Kia Ceed,https://www.otomoto.pl/oferta/kia-ceed-1-4-benzyna-100km-wersja-m-limited-faktura-23-salon-pl-ID6Enqrx.html,otomoto
Kia Ceed,https://www.otomoto.pl/oferta/kia-ceed-1-4-s-ofertad-dealera-gwarancja-ID6E3Ta9.html,otomoto
Kia Ceed 1.6,https://www.otomoto.pl/oferta/kia-ceed-hybryda-plug-in-141-km-wyposazenie-l-bussines-line-ID6EloRC.html,otomoto
Kia Ceed Cee'd,https://www.otomoto.pl/oferta/kia-ceed-1-4-mpi-100km-wersja-s-fv-23-salon-pl-gwarancja-producenta-ID6EfDGg.html,otomoto
Kia Ceed 1.0,https://www.otomoto.pl/oferta/kia-ceed-1-0-t-gdi-100km-wersja-s-i-wl-salon-pl-bezwypadkowy-fv-vat-23-ID6EnQ97.html,otomoto
Kia Ceed 1.4,https://www.otomoto.pl/oferta/kia-ceed-kia-ceed-l-bl4-aeb-ID6DPlJa.html,otomoto
Kia Ceed 1.6,https://www.otomoto.pl/oferta/kia-ceed-wersja-l-bl5-aeb-ID6DAQDM.html,otomoto
Kia Ceed 1.4,https://www.otomoto.pl/oferta/kia-ceed-automat-1-4-turbo-m-salon-pl-ID6Ek7BM.html,otomoto
Kia Ceed,https://www.otomoto.pl/oferta/kia-ceed-1-4-m-kombi-ID6EiZwJ.html,otomoto
Kia Ceed,https://www.otomoto.pl/oferta/kia-ceed-cb770jj-1-4t-gdi-140km-dct-wersja-m-kombi-2018-ID6EmoJp.html,otomoto
Kia Ceed 1.4,https://www.otomoto.pl/oferta/kia-ceed-1-4-turbo-140-km-led-nawi-kamera-aktywny-tempomat-ID6EmoEI.html,otomoto
Kia Ceed 1.4,https://www.otomoto.pl/oferta/kia-ceed-1-4-benzyna-100km-salon-pl-serwis-iwl-fv23-ID6ElUYb.html,otomoto
Kia Ceed,https://www.otomoto.pl/oferta/kia-ceed-1-4-dohc-100km-salon-pl-1-wl-aso-fv-23-ID6ElWkl.html,otomoto
Kia Ceed 1.4,https://www.otomoto.pl/oferta/kia-ceed-1-4-140km-automat-salon-pl-i-wlasciciel-vat-23-ID6EoEj5.html,otomoto
Kia Ceed 1.4,https://www.otomoto.pl/oferta/kia-ceed-140km-automat-wynajem-dlugoterminowy-samochodow-wypozyczalnia-aut-ID6E3I0K.html,otomoto
Kia Ceed Cee'd,https://www.otomoto.pl/oferta/kia-ceed-1-4-100-km-smart-plus-gwarancja-do-2026-kamera-nawigacja-fv23-ID6EmlON.html,otomoto
Kia Ceed 1.4,https://www.otomoto.pl/oferta/kia-ceed-salon-polska-instalacja-gazowa-serwisowany-f-ra-vat23-ID6EmlLL.html,otomoto
Kia Ceed 1.4,https://www.otomoto.pl/oferta/kia-ceed-1-4-mpi-business-line-auto-krajowe-dealer-kia-etrans-ID6EfIBL.html,otomoto
Kia Ceed,https://www.otomoto.pl/oferta/kia-ceed-full-opcja-salon-polska-100-bezwypadek-ID6EfEtR.html,otomoto
Kia Ceed 1.4,https://www.otomoto.pl/oferta/kia-ceed-1-4t-gdi-140km-l-business-line-pl-salon-1-wlasciciel-ID6EiLQv.html,otomoto
Kia Ceed 1.4,https://www.otomoto.pl/oferta/kia-ceed-1-4-m-100-km-salon-pl-fv23-ID6Epy3U.html,otomoto
Kia Ceed 1.4,https://www.otomoto.pl/oferta/kia-ceed-1-4-m-100-km-salon-pl-fv23-ID6Epy18.html,otomoto
Kia Ceed 1.4,https://www.otomoto.pl/oferta/kia-ceed-4-szt-w-ofercie-1-4-benzyna-hatchback-salon-polska-gwarancja-ID6EoDkE.html,otomoto
Kia Ceed 1.4,https://www.otomoto.pl/oferta/kia-ceed-zakup-zdalny-1-4-t-benz-at-140km-pl-salon-aso-wersja-m-ID6ElwnZ.html,otomoto
Kia Ceed 1.4,https://www.otomoto.pl/oferta/kia-ceed-zakup-zdalny-1-4-t-benz-140km-pl-salon-aso-wersja-m-ID6EdukU.html,otomoto
Kia Ceed,https://www.otomoto.pl/oferta/kia-ceed-1-4-t-gdi-m-salon-polska-serwis-aso-automat-skora-navi-ID6EmkQc.html,otomoto
Kia Ceed,https://www.otomoto.pl/oferta/kia-ceed-sprzedam-kia-ceed1-4-kombi-ID6ElOR2.html,otomoto
Kia Ceed,https://www.otomoto.pl/oferta/kia-ceed-1-4-mpi-benyzna-piekny-kolor-gwarancja-ID6Enxop.html,otomoto
Kia Ceed 1.4,https://www.otomoto.pl/oferta/kia-ceed-okazja-ID6ElOAH.html,otomoto
Kia Ceed,https://www.otomoto.pl/oferta/kia-ceed-1-4-cvvt-salon-polska-serwis-aso-vat-23-klima-tempomat-ID6Emjwe.html,otomoto
Kia Ceed Cee'd,https://www.otomoto.pl/oferta/kia-ceed-1-4-benz-salon-pl-gwarancja-100-oryginal-ID6Emfmj.html,otomoto
Kia Ceed,https://www.otomoto.pl/oferta/kia-ceed-1-4t-gdi-140km-automat-salonpl-1wl-gwarancja-cesja-leasingu-ID6EoxlB.html,otomoto
Kia Ceed 1.6,https://www.otomoto.pl/oferta/kia-ceed-plug-in-hybryda-promocja-ID6DoH6Q.html,otomoto
Kia Ceed 1.4,https://www.otomoto.pl/oferta/kia-ceed-1-4-mpi-100-km-6mt-salonpl-serwisaso-fv23-ID6EposP.html,otomoto
Kia Ceed 1.4,https://www.otomoto.pl/oferta/kia-ceed-1-4t-gdi-140km-m-pl-salon-1-wlasciciel-ID6EgQV3.html,otomoto
Kia Ceed 1.4,https://www.otomoto.pl/oferta/kia-ceed-1-4-benzyna-m-kamera-cofania-nawigacja-salon-polska-ID6EosVA.html,otomoto
Kia Ceed 1.4,https://www.otomoto.pl/oferta/kia-ceed-1-4-benzyna-100km-salon-pl-serwis-iwl-fv23-ID6EplPI.html,otomoto
Kia Ceed 1.4,https://www.otomoto.pl/oferta/kia-ceed-1-4-benzyna-m-kamera-cofania-nawigacja-salon-polska-ID6EosGD.html,otomoto
Kia Ceed 1.4,https://www.otomoto.pl/oferta/kia-ceed-1-4-benzyna-m-kamera-cofania-nawigacja-salon-polska-ID6Eospv.html,otomoto
Kia Ceed 1.4,https://www.otomoto.pl/oferta/kia-ceed-1-4-benzyna-m-kamera-cofania-nawigacja-salon-polska-ID6EorWH.html,otomoto
Kia Ceed,https://www.otomoto.pl/oferta/kia-ceed-ID6ElGtK.html,otomoto
Kia Ceed,https://www.otomoto.pl/oferta/kia-ceed-krajowy-org-lakier-f-vat-ID6EpkuX.html,otomoto
Kia Ceed 1.0,https://www.otomoto.pl/oferta/kia-ceed-salon-polska-1-wl-aso-bezwypadkowy-gwarancja-do-06-2027r-ID6DXQLu.html,otomoto
Kia Ceed 1.4,https://www.otomoto.pl/oferta/kia-ceed-1-4-pb-100km-salonpl-aso-gwarancja-wer-s-fv23-ID6EpjoP.html,otomoto
Kia Ceed 1.6,https://www.otomoto.pl/oferta/kia-ceed-kia-ceed-sw-1-6-gdi-phev-141km-wersja-l-bl-aeb-lakier-met-ID6Ej4M3.html,otomoto
Kia Ceed iii-2018,https://www.otomoto.pl/oferta/kia-ceed-salon-mod-2019-uszkodzony-kpl-dok-ID6BQBgQ.html,otomoto
Kia Ceed 1.6,https://www.otomoto.pl/oferta/kia-ceed-demo-dealera-jak-nowy-okazja-ID6Ekzp8.html,otomoto
Kia Ceed,https://www.otomoto.pl/oferta/kia-ceed-1-4-t-gdi-salon-polska-1-wlasciciel-serwis-aso-automat-vat-23-ID6EpgMU.html,otomoto
Kia Ceed 1.4,https://www.otomoto.pl/oferta/kia-ceed-kia-ceed-1-4-16v-100km-salon-polska-gwarancja-tylko-10-tys-km-ID6EncEf.html,otomoto
Kia Ceed 1.4,https://www.otomoto.pl/oferta/kia-ceed-1-4-mpi-100km-tempomat-isofix-kontrola-cisnienia-carplay-ID6Enafb.html,otomoto
Kia Ceed 1.0,https://www.otomoto.pl/oferta/kia-ceed-1-0turbo-navi-led-kamera-cofania-gwarancja-przebiegu-android-polskora-ID6EpcDp.html,otomoto
Kia Ceed 1.4,https://www.otomoto.pl/oferta/kia-ceed-kia-ceed-z-gwarancja-stan-idealny-ID6El4Wq.html,otomoto
Kia Ceed 1.4,https://www.otomoto.pl/oferta/kia-ceed-stan-idealny-ID6DTMC6.html,otomoto
Kia Ceed 1.0,https://www.otomoto.pl/oferta/kia-ceed-iii-pelny-serwis-w-aso-bezwypadkowy-gwarancja-ID6DZICO.html,otomoto
Kia Ceed,https://www.otomoto.pl/oferta/kia-ceed-piekny-kolor-bogate-wyposazenie-serwisowany-maly-przebieg-ID6Em87Y.html,otomoto
Kia Ceed 1.4,https://www.otomoto.pl/oferta/kia-ceed-gt-line-automat-gwarancja-ID6Em75L.html,otomoto
Kia Ceed 1.4,https://www.otomoto.pl/oferta/kia-ceed-1-4t-140km-at-2020-pierwszy-wl-cesja-leasing-ID6Ep06C.html,otomoto
Kia Ceed,https://www.otomoto.pl/oferta/kia-ceed-ID6Eky7P.html,otomoto
Kia Ceed 1.4,https://www.otomoto.pl/oferta/kia-ceed-niski-przebieg-led-elektryczna-klapa-ID6E63Fc.html,otomoto
Kia Ceed 1.6,https://www.otomoto.pl/oferta/kia-ceed-1-6gdi-136km-led-kamera-navi-grzane-fotele-i-kierownica-fv-ID6Ek6WS.html,otomoto
Kia Ceed 1.4,https://www.otomoto.pl/oferta/kia-ceed-kombi-kia-ceed-3-iii-2019-1-4-t-gdi-benzyna-100km-21000km-ID6EkSu0.html,otomoto
Kia Ceed 1.4,https://www.otomoto.pl/oferta/kia-ceed-niski-przebieg-6-biegowa-skrzynia-tempomat-skorz-kierownica-ID6EngvU.html,otomoto
Kia Ceed 1.6,https://www.otomoto.pl/oferta/kia-ceed-ID6EjIzG.html,otomoto
Kia Ceed 1.4,https://www.otomoto.pl/oferta/kia-ceed-ID6EoUlW.html,otomoto
Kia Ceed 1.0,https://www.otomoto.pl/oferta/kia-ceed-1-0gdi-120km-2020r-salon-polska-fa-vat-23-ID6ElR7S.html,otomoto
Kia Ceed,https://www.otomoto.pl/oferta/kia-ceed-1-4-l-benzyna-140-km-ID6ElMml.html,otomoto
Kia Ceed 1.4,https://www.otomoto.pl/oferta/kia-ceed-1-4t-140km-serwis-aso-automat-salon-pl-i-wl-fv23-rej-21-ID6ElHwx.html,otomoto
Kia Ceed 1.4,https://www.otomoto.pl/oferta/kia-ceed-klima-pali-navi-kamery-niski-przebieg-salonpl-ID6E8FtZ.html,otomoto
Kia Ceed 1.4,https://www.otomoto.pl/oferta/kia-ceed-cesja-leasingu-z-rata-763-24-netto-ID6EoFRC.html,otomoto
Kia Ceed,https://www.otomoto.pl/oferta/kia-ceed-kia-ceed-7-pakiet-m-ID6EbLVl.html,otomoto
Kia Ceed 1.4,https://www.otomoto.pl/oferta/kia-ceed-1-4-t-gdi-140-km-6mt-business-line-polski-salon-ID6Em4aJ.html,otomoto
Kia Ceed Cee'd,https://www.otomoto.pl/oferta/kia-ceed-1-4-benzyna-ID6EnPCw.html,otomoto
Kia Ceed 1.4,https://www.otomoto.pl/oferta/kia-ceed-1-4-140-km-wersja-l-bl-gwarancja-bezwypadkowy-ID6EnODK.html,otomoto
Kia Ceed 1.0,https://www.otomoto.pl/oferta/kia-ceed-kia-ceed-ID6EnODR.html,otomoto
Kia Ceed,https://www.otomoto.pl/oferta/kia-ceed-dealer-karlik-automat-1-4-turbo-140km-led-kamera-cofania-fv23-ID6E9RfT.html,otomoto
